,0,1,2,3,4,5,6,7,8,9,10,11,12
0,Cef Ticker,Current price,52 Wk Avg price,52 Wk High price,52 Wk Low price,Current Nav,52 Wk Avg Nav,52 Wk High Nav,52 Wk Low Nav,Current P/D,52 Wk Avg P/D,52 Wk High P/D,52 Wk Low P/D
1,PHYS,$14.09,$14.19,$15.28,$13.23,$14.28,$14.37,$15.26,$13.48,-1.33%,-1.20%,0.56%,-3.27%
2,NEA,$15.09,$15.27,$16.00,$14.22,$15.73,$15.97,$16.29,$15.65,-4.07%,-4.33%,-0.13%,-9.63%
3,CEF,$17.33,$18.30,$20.38,$16.75,$17.99,$18.85,$20.46,$17.40,-3.67%,-2.95%,0.31%,-4.93%
4,DNP,$10.94,$10.53,$11.00,$9.75,$9.86,$9.49,$10.04,$8.46,10.90%,11.04%,22.28%,3.83%
5,NVG,$17.18,$17.34,$18.27,$15.90,$17.30,$17.51,$17.91,$17.10,-0.69%,-0.99%,3.23%,-6.85%
6,BIGZ,$14.14,,$23.05,$13.40,$15.13,,$21.01,$15.13,-6.54%,,,
7,NAD,$15.74,$15.65,$16.45,$14.60,$16.13,$16.35,$16.68,$16.01,-2.42%,-4.29%,-0.12%,-8.90%
8,PSLV,$7.68,$8.87,$11.08,$7.45,$7.93,$8.99,$10.51,$7.71,-3.15%,-1.44%,2.48%,-6.90%
9,EXG,$10.48,$9.96,$10.81,$8.58,$10.35,$10.11,$10.58,$9.18,1.26%,-1.52%,2.80%,-7.58%
10,CSQ,$18.72,$17.95,$19.89,$15.26,$18.50,$17.61,$19.17,$15.58,1.19%,1.87%,6.43%,-3.06%
11,BSTZ,$34.24,$38.75,$43.76,$32.07,$35.68,$41.16,$44.87,$35.68,-4.04%,-5.86%,0.51%,-12.68%
12,BMEZ,$23.61,$27.54,$30.94,$22.60,$24.50,$29.20,$32.95,$24.50,-3.63%,-5.67%,0.44%,-11.15%
13,UTF,$28.35,$27.98,$29.95,$24.81,$27.67,$26.55,$28.28,$23.74,1.55%,5.44%,12.38%,-0.25%
14,GDV,$26.83,$25.52,$27.61,$21.25,$29.68,$28.38,$30.37,$24.70,-9.60%,-10.14%,-7.89%,-14.67%
15,NZF,$16.68,$16.79,$17.59,$15.55,$17.03,$17.13,$17.58,$16.61,-2.06%,-1.96%,1.10%,-6.96%
16,RQI,$17.35,$15.28,$18.45,$11.96,$17.51,$15.71,$18.27,$12.46,-0.91%,-2.83%,0.11%,-6.62%
17,ETY,$14.72,$13.82,$15.06,$11.89,$14.25,$13.75,$14.60,$12.58,3.30%,0.39%,4.08%,-5.32%
18,NAC,$15.11,$15.41,$16.22,$14.36,$15.85,$16.19,$16.53,$15.85,-4.67%,-4.80%,-0.68%,-9.76%
19,BCAT,$19.15,$20.93,$23.87,$18.20,$20.67,$21.37,$21.94,$20.39,-7.35%,-1.71%,10.70%,-10.82%
20,EVT,$29.21,$27.31,$29.86,$22.92,$29.09,$27.59,$29.32,$24.18,0.41%,-1.10%,3.10%,-6.54%
21,ADX,$19.06,$19.37,$22.33,$17.03,$22.07,$22.49,$25.23,$19.83,-13.64%,-13.87%,-11.58%,-14.79%
22,NUV,$10.20,$11.23,$11.97,$10.15,$10.63,$10.73,$10.88,$10.59,-4.05%,4.68%,9.97%,-4.49%
23,NTG,$32.26,$28.54,$33.86,$22.40,$39.60,$36.50,$42.64,$29.43,-18.54%,-21.87%,-16.80%,-25.47%
24,JPS,$9.64,$9.73,$10.07,$9.12,$9.65,$9.79,$9.97,$9.58,-0.10%,-0.69%,1.33%,-5.88%
25,RVT,$18.88,$18.53,$20.00,$16.09,$19.69,$20.64,$22.00,$18.90,-4.11%,-10.20%,-3.45%,-13.45%
26,UTG,$34.33,$34.05,$36.50,$30.50,$33.95,$33.50,$36.07,$29.95,1.12%,1.65%,4.88%,-0.63%
27,BDJ,$10.12,$9.79,$10.69,$8.21,$10.44,$10.27,$10.75,$9.17,-3.07%,-4.78%,-0.37%,-10.74%
28,USA,$8.32,$8.25,$9.46,$6.74,$8.08,$7.97,$8.56,$7.05,2.97%,3.35%,15.27%,-7.02%
29,GAB,$7.06,$6.88,$7.57,$6.05,$6.42,$6.49,$6.95,$5.76,9.97%,6.13%,15.37%,0.00%
30,PDO,$19.51,,$23.24,$19.19,$19.32,,$20.66,$19.24,0.98%,,,
31,PDI,$26.48,$27.55,$29.75,$24.54,$24.32,$24.86,$25.41,$24.14,8.88%,10.78%,17.99%,2.32%
32,BTT,$25.56,$25.81,$27.08,$24.82,$26.54,$26.95,$27.33,$26.54,-3.69%,-4.24%,-2.57%,-6.86%
33,TY,$32.38,$33.43,$35.91,$29.53,$36.34,$37.36,$39.85,$33.56,-10.90%,-10.52%,-8.30%,-12.35%
34,PTY,$16.57,$18.72,$21.66,$15.89,$14.15,$14.25,$14.52,$13.87,17.10%,31.36%,52.21%,14.81%
35,ETG,$22.41,$20.69,$22.85,$17.17,$22.57,$21.74,$23.17,$19.23,-0.71%,-4.94%,0.27%,-10.08%
36,DSL,$16.31,$17.60,$18.55,$15.79,$17.05,$18.15,$18.63,$17.05,-4.34%,-3.07%,0.27%,-8.06%
37,BXMX,$14.91,$14.14,$15.16,$12.19,$15.20,$14.74,$15.40,$13.65,-1.91%,-4.09%,-0.74%,-9.64%
38,EVV,$13.12,$12.99,$13.49,$12.26,$13.12,$13.49,$13.84,$13.09,0.00%,-3.69%,0.53%,-9.99%
39,ETV,$16.38,$16.09,$16.86,$14.77,$15.88,$15.50,$16.24,$14.31,3.15%,3.81%,7.26%,1.48%
40,NFJ,$15.68,$14.83,$16.19,$13.03,$17.02,$16.52,$17.75,$15.00,-7.87%,-10.22%,-7.87%,-13.80%
41,FPF,$24.50,$24.69,$26.26,$22.64,$24.38,$24.68,$25.26,$24.07,0.49%,0.02%,4.09%,-6.05%
42,HYT,$12.09,$12.02,$12.69,$11.00,$11.88,$12.11,$12.35,$11.81,1.77%,-0.75%,3.37%,-7.44%
43,NMZ,$14.97,$14.89,$15.86,$13.90,$14.62,$14.58,$14.97,$14.06,2.39%,2.20%,5.61%,-1.13%
44,BIF,$14.80,$13.14,$14.85,$10.93,$17.47,$15.67,$17.47,$13.42,-15.28%,-16.15%,-13.66%,-19.46%
45,BBN,$24.89,$25.63,$27.12,$23.63,$24.56,$25.23,$26.29,$23.74,1.34%,1.57%,5.77%,-2.35%
46,RNP,$28.61,$25.88,$29.46,$21.01,$28.37,$26.47,$29.24,$22.69,0.85%,-2.27%,1.85%,-6.45%
47,BTZ,$14.37,$15.08,$15.95,$13.97,$14.89,$15.44,$15.79,$14.89,-3.49%,-2.33%,1.40%,-7.14%
48,PTA,$23.99,$25.03,$26.00,$23.14,$25.43,$25.80,$26.25,$25.24,-6.10%,-2.97%,-0.35%,-8.51%
49,QQQX,$29.16,$28.65,$31.00,$25.50,$28.98,$28.45,$30.28,$25.94,0.62%,0.69%,4.30%,-4.69%
50,NRK,$13.66,$13.85,$14.45,$13.27,$14.91,$15.09,$15.39,$14.81,-8.38%,-8.22%,-5.62%,-11.93%
51,ETW,$11.08,$10.73,$11.37,$9.51,$10.84,$10.76,$11.10,$10.16,2.21%,-0.31%,3.51%,-6.99%
52,EOS,$23.40,$23.10,$25.70,$20.52,$22.76,$22.84,$24.15,$20.78,2.81%,1.09%,3.89%,-1.59%
53,BST,$48.45,$54.68,$62.16,$47.00,$49.21,$54.44,$58.68,$49.07,-1.54%,0.56%,11.94%,-7.48%
54,CET,$44.02,$40.40,$45.14,$31.93,$48.79,$48.04,$53.15,$40.05,-9.78%,-15.92%,-8.04%,-19.75%
55,CHY,$15.63,$15.80,$17.09,$13.92,$15.14,$16.03,$17.03,$14.98,3.24%,-1.37%,3.25%,-10.73%
56,IGR,$9.41,$8.49,$9.89,$6.66,$10.02,$9.30,$10.48,$7.81,-6.09%,-8.80%,-5.78%,-14.97%
57,AOD,$10.28,$9.89,$10.50,$8.87,$11.09,$10.92,$11.30,$10.21,-7.66%,-9.52%,-6.43%,-14.97%
58,CLM,$14.33,$12.79,$14.75,$10.75,$10.08,$10.13,$10.54,$9.60,42.16%,26.43%,42.34%,8.95%
59,GAM,$43.38,$42.31,$46.75,$35.89,$51.43,$49.96,$55.36,$43.48,-15.81%,-15.28%,-13.56%,-16.72%
60,CHI,$14.69,$15.02,$16.44,$13.32,$14.34,$15.18,$16.13,$14.20,2.44%,-1.05%,3.76%,-11.33%
61,HQH,$23.34,$25.07,$28.05,$22.59,$22.92,$25.63,$28.49,$22.92,1.83%,-2.08%,4.60%,-11.57%
62,AWF,$12.04,$12.13,$12.63,$11.53,$12.68,$12.93,$13.11,$12.65,-5.28%,-6.19%,-2.25%,-10.11%
63,KYN,$8.17,$7.81,$9.30,$6.26,$9.35,$8.85,$10.00,$7.37,-12.62%,-11.86%,-5.82%,-16.56%
64,JPC,$9.85,$9.66,$10.07,$9.02,$9.75,$9.79,$9.98,$9.59,1.03%,-1.34%,1.41%,-5.89%
65,THQ,$23.93,$23.11,$25.92,$20.01,$23.87,$23.69,$25.26,$21.46,0.25%,-2.54%,2.58%,-8.64%
66,MYI,$14.41,$14.59,$15.19,$13.75,$15.16,$15.38,$15.68,$15.06,-4.95%,-5.13%,-2.07%,-8.80%
67,EIM,$13.40,$13.50,$14.01,$12.96,$13.82,$14.14,$14.46,$13.82,-3.04%,-4.48%,-1.69%,-8.19%
68,CII,$21.57,$20.34,$22.30,$17.27,$21.83,$21.11,$22.26,$18.98,-1.19%,-3.70%,0.28%,-9.52%
69,FFC,$21.38,$22.55,$23.79,$21.22,$20.89,$21.10,$21.64,$20.32,2.35%,6.88%,13.46%,2.16%
70,FAX,$3.86,$4.24,$4.61,$3.79,$4.24,$4.60,$4.90,$4.24,-8.96%,-7.85%,-2.94%,-13.14%
71,RA,$21.47,$21.30,$22.70,$17.89,$19.98,$20.20,$20.96,$19.58,7.46%,5.39%,10.03%,-9.78%
72,VMO,$13.70,$13.50,$14.09,$12.60,$13.50,$13.70,$13.99,$13.43,1.48%,-1.45%,2.11%,-6.44%
73,NDMO,$15.70,$16.29,$17.94,$15.10,$15.71,$15.94,$16.39,$15.53,-0.06%,2.23%,9.03%,-2.21%
74,HTD,$25.62,$23.90,$26.43,$20.58,$25.98,$24.49,$25.98,$21.97,-1.39%,-2.51%,2.82%,-8.60%
75,WDI,$18.40,,$20.60,$18.07,$19.59,,$20.12,$19.55,-6.07%,,,
76,GOF,$19.16,$20.48,$22.06,$17.76,$16.61,$16.97,$17.43,$16.42,15.35%,20.67%,29.08%,8.31%
77,PML,$14.42,$14.72,$15.35,$13.55,$12.25,$12.44,$12.77,$12.14,17.71%,18.34%,22.02%,13.51%
78,OXLC,$8.15,$7.14,$8.53,$5.64,$6.97,$6.16,$6.97,$5.24,20.43%,16.11%,34.71%,3.44%
79,BTO,$48.18,$40.02,$49.12,$30.44,$42.63,$37.31,$42.63,$29.15,13.02%,7.18%,17.73%,0.29%
80,JQC,$6.56,$6.52,$6.81,$6.17,$6.89,$6.97,$7.14,$6.83,-4.79%,-6.53%,-3.00%,-10.45%
81,DLY,$18.64,$19.41,$20.26,$17.99,$19.64,$20.26,$20.56,$19.64,-5.09%,-4.16%,-1.20%,-8.48%
82,BCX,$9.76,$9.22,$10.22,$7.77,$10.39,$9.67,$10.40,$8.38,-6.06%,-4.70%,0.55%,-12.24%
83,AIO,$24.95,$27.32,$29.97,$24.25,$25.66,$29.21,$31.08,$25.66,-2.77%,-6.46%,0.17%,-10.26%
84,BHK,$15.54,$16.20,$17.36,$14.97,$15.19,$15.97,$16.37,$15.18,2.30%,1.40%,7.38%,-4.52%
85,PHK,$6.27,$6.54,$7.18,$5.95,$5.78,$5.86,$5.98,$5.69,8.48%,11.59%,20.20%,3.92%
86,NMCO,$15.50,$15.02,$17.31,$13.15,$15.63,$15.34,$15.94,$14.34,-0.83%,-2.16%,0.94%,-7.32%
87,NIE,$29.09,$29.68,$32.27,$26.34,$31.58,$32.92,$35.83,$29.93,-7.88%,-9.81%,-7.81%,-11.83%
88,BOE,$12.18,$11.96,$12.82,$10.71,$13.30,$13.03,$13.49,$12.02,-8.42%,-8.24%,-5.19%,-12.06%
89,WIW,$12.73,$12.98,$13.93,$11.92,$13.82,$14.33,$14.89,$13.63,-7.89%,-9.42%,-4.16%,-13.49%
90,HFRO,$11.03,$10.94,$12.15,$9.66,$13.77,$13.68,$14.05,$12.94,-19.90%,-20.07%,-12.87%,-27.91%
91,PDT,$16.16,$16.13,$17.69,$13.46,$15.17,$14.55,$15.18,$13.16,6.53%,10.75%,21.02%,-1.53%
92,EOI,$19.93,$18.30,$20.34,$15.76,$19.24,$18.46,$19.83,$16.62,3.59%,-0.94%,4.79%,-4.91%
93,EMD,$12.75,$13.60,$14.30,$12.49,$13.52,$14.52,$15.30,$13.52,-5.70%,-6.30%,-1.85%,-11.42%
94,IIM,$16.30,$16.29,$17.29,$15.03,$16.52,$16.78,$17.10,$16.46,-1.33%,-2.97%,2.40%,-8.27%
95,LDP,$26.60,$26.61,$27.75,$24.74,$25.30,$26.00,$26.44,$25.23,3.36%,2.31%,6.25%,-3.84%
96,FTHY,$20.43,$20.18,$21.24,$19.28,$20.21,$20.95,$21.53,$20.13,1.09%,-3.65%,2.38%,-9.89%
97,NKX,$15.67,$15.98,$16.77,$14.83,$16.46,$16.80,$17.16,$16.44,-4.80%,-4.86%,-0.12%,-9.48%
98,CCD,$30.00,$31.44,$34.00,$28.12,$28.92,$30.96,$33.41,$28.55,3.73%,1.62%,11.35%,-10.19%
99,PFN,$9.61,$10.33,$11.45,$9.20,$9.12,$9.33,$9.55,$9.01,5.37%,10.76%,21.66%,3.10%
100,VKQ,$13.32,$13.42,$14.15,$12.47,$13.52,$13.73,$14.01,$13.45,-1.48%,-2.26%,2.24%,-8.00%
101,VGM,$13.59,$13.73,$14.36,$12.70,$13.92,$14.14,$14.43,$13.85,-2.37%,-2.84%,0.99%,-8.20%
102,PCN,$17.24,$18.02,$19.47,$16.65,$14.31,$14.40,$14.68,$14.06,20.48%,25.15%,34.93%,18.47%
103,IQI,$13.19,$13.27,$13.98,$12.41,$13.60,$13.82,$14.09,$13.52,-3.01%,-3.98%,-0.51%,-8.74%
104,GIM,$5.14,$5.46,$5.69,$5.01,$5.42,$5.76,$6.09,$5.39,-5.17%,-5.21%,-1.08%,-9.69%
105,NID,$14.87,$14.58,$15.10,$13.69,$14.86,$14.76,$15.01,$14.38,0.07%,-1.26%,0.88%,-4.85%
106,BFK,$15.11,$15.15,$15.92,$14.33,$14.51,$14.75,$15.12,$14.39,4.14%,2.69%,5.93%,-0.96%
107,ETJ,$10.68,$11.00,$11.74,$10.16,$10.21,$10.34,$10.55,$9.99,4.60%,6.35%,13.24%,0.98%
108,MYD,$14.61,$14.78,$15.60,$13.87,$15.06,$15.29,$15.69,$14.92,-2.99%,-3.35%,0.78%,-7.79%
109,BIT,$17.90,$18.38,$19.21,$16.75,$17.60,$18.26,$18.62,$17.53,1.70%,0.66%,5.76%,-7.14%
110,BGY,$6.36,$6.24,$6.70,$5.81,$6.76,$6.73,$7.02,$6.36,-5.92%,-7.30%,-3.78%,-10.24%
111,VVR,$4.36,$4.31,$4.53,$3.97,$4.64,$4.63,$4.72,$4.51,-6.03%,-6.85%,-3.64%,-11.09%
112,VCV,$13.67,$13.53,$14.49,$12.52,$13.52,$13.70,$13.96,$13.43,1.11%,-1.20%,5.66%,-6.79%
113,DIAX,$17.82,$16.78,$17.97,$14.55,$18.20,$17.79,$18.36,$16.42,-2.09%,-5.70%,-1.10%,-11.29%
114,HIO,$5.05,$5.15,$5.43,$4.88,$5.28,$5.44,$5.53,$5.28,-4.36%,-5.44%,-2.22%,-10.89%
115,AVK,$18.43,$18.43,$19.91,$16.10,$17.69,$19.95,$20.78,$17.69,4.18%,-7.56%,4.18%,-16.05%
116,NXJ,$15.08,$15.12,$15.95,$14.01,$16.38,$16.68,$17.04,$16.33,-7.94%,-9.28%,-5.11%,-15.16%
117,GGN,$3.81,$3.78,$4.32,$3.31,$3.90,$3.96,$4.30,$3.67,-2.31%,-4.45%,2.00%,-14.29%
118,MUC,$15.48,$15.54,$16.47,$14.53,$15.60,$15.93,$16.24,$15.60,-0.77%,-2.40%,3.23%,-7.82%
119,MVF,$9.55,$9.48,$9.90,$8.85,$9.88,$9.99,$10.22,$9.72,-3.34%,-5.11%,-1.59%,-9.14%
120,NBB,$22.52,$22.92,$24.13,$21.52,$22.21,$22.77,$23.51,$21.81,1.40%,0.68%,4.61%,-3.13%
121,GHY,$15.01,$15.30,$16.10,$14.26,$16.05,$16.53,$16.90,$15.99,-6.48%,-7.44%,-4.34%,-12.36%
122,BGB,$13.62,$13.62,$14.14,$12.52,$14.46,$14.61,$14.76,$14.34,-5.81%,-6.82%,-3.97%,-11.65%
123,NRGX,$13.51,$11.58,$14.57,$8.28,$15.97,$13.59,$17.06,$10.51,-15.40%,-14.88%,-11.03%,-20.77%
124,HPS,$18.53,$18.56,$19.89,$16.34,$17.99,$17.97,$18.49,$16.95,3.00%,3.21%,8.27%,-4.84%
125,JFR,$10.33,$9.82,$10.45,$8.88,$10.45,$10.39,$10.55,$10.17,-1.15%,-5.47%,-0.76%,-11.80%
126,IFN,$21.84,$21.85,$23.78,$19.43,$23.70,$24.24,$26.68,$22.05,-8.52%,-9.86%,-5.98%,-14.64%
127,THW,$15.67,$16.30,$17.92,$14.29,$15.04,$15.39,$16.22,$14.41,4.19%,5.92%,18.55%,-1.72%
128,STK,$36.46,$33.55,$39.26,$26.73,$34.10,$32.74,$36.15,$28.75,6.92%,2.38%,9.79%,-4.05%
129,MUI,$15.11,$15.36,$17.40,$14.47,$15.74,$16.06,$16.35,$15.74,-4.00%,-4.37%,-0.31%,-10.03%
130,CHW,$9.84,$10.33,$11.39,$9.22,$9.57,$9.97,$10.55,$9.41,2.82%,3.62%,13.15%,-3.71%
131,JPI,$25.63,$25.14,$26.48,$23.48,$24.74,$25.00,$25.51,$24.41,3.60%,0.59%,4.37%,-3.58%
132,IGD,$6.14,$5.88,$6.37,$5.24,$6.61,$6.40,$6.70,$5.96,-7.11%,-8.27%,-4.84%,-13.61%
133,MMD,$21.06,$21.99,$24.50,$20.50,$20.83,$21.13,$21.52,$20.76,1.10%,4.05%,8.22%,-1.62%
134,BLW,$16.04,$16.79,$17.64,$15.55,$16.37,$16.92,$17.20,$16.36,-2.02%,-0.76%,4.34%,-8.74%
135,MYN,$14.24,$13.92,$14.67,$13.06,$14.22,$14.50,$14.78,$14.17,0.14%,-3.99%,0.77%,-9.55%
136,MUA,$14.75,$15.62,$17.72,$14.20,$14.72,$14.90,$15.23,$14.51,0.20%,4.84%,16.09%,-2.06%
137,MMU,$13.09,$13.27,$13.98,$12.45,$13.92,$14.12,$14.42,$13.81,-5.96%,-6.00%,-1.90%,-9.95%
138,BRW,$4.62,$4.60,$4.81,$4.40,$4.79,$4.92,$5.09,$4.79,-3.55%,-6.64%,-3.55%,-10.10%
139,AWP,$6.52,$6.24,$6.92,$5.15,$6.89,$6.61,$7.15,$5.80,-4.93%,-5.63%,-1.31%,-11.24%
140,NQP,$14.81,$14.79,$15.77,$13.87,$15.97,$16.02,$16.33,$15.64,-7.26%,-7.66%,-4.10%,-11.64%
141,TDF,$16.52,$21.40,$27.64,$16.13,$17.91,$23.41,$30.43,$17.65,-7.76%,-8.60%,-3.16%,-12.08%
142,MFL,$14.62,$14.56,$15.25,$13.71,$15.03,$15.27,$15.59,$14.89,-2.73%,-4.67%,-1.24%,-7.84%
143,CRF,$13.90,$12.45,$14.20,$10.51,$9.70,$9.74,$10.13,$9.24,43.30%,27.93%,44.77%,10.50%
144,EFR,$14.85,$14.23,$15.60,$12.95,$14.26,$14.33,$14.44,$14.17,4.14%,-0.72%,8.22%,-8.28%
145,EVN,$13.76,$13.86,$14.40,$12.92,$14.07,$14.29,$14.56,$14.03,-2.20%,-3.04%,-0.35%,-7.26%
146,BME,$47.52,$47.83,$50.94,$44.00,$45.74,$46.79,$49.07,$43.57,3.89%,2.24%,7.65%,-0.41%
147,DSU,$11.66,$11.27,$12.50,$10.34,$11.58,$11.67,$11.79,$11.54,0.69%,-3.42%,4.57%,-10.89%
148,DPG,$14.16,$14.03,$15.41,$12.34,$13.99,$13.78,$14.71,$12.58,1.22%,1.77%,6.62%,-8.60%
149,HPI,$20.52,$20.80,$22.13,$18.31,$20.28,$20.38,$20.94,$19.22,1.18%,2.03%,6.29%,-6.11%
150,EAD,$8.87,$8.69,$9.22,$8.03,$9.02,$9.14,$9.31,$8.93,-1.66%,-4.93%,0.44%,-10.65%
151,VKI,$11.98,$12.10,$12.88,$10.80,$12.04,$12.24,$12.48,$11.98,-0.50%,-1.07%,4.98%,-8.39%
152,ISD,$16.03,$15.99,$16.66,$14.77,$16.81,$17.10,$17.39,$16.70,-4.64%,-6.47%,-3.39%,-11.52%
153,MCA,$15.49,$15.38,$16.74,$14.29,$15.93,$16.22,$16.52,$15.88,-2.76%,-5.19%,0.19%,-10.08%
154,BUI,$26.96,$25.88,$27.79,$23.82,$25.32,$24.96,$26.22,$23.05,6.48%,3.68%,11.49%,-0.47%
155,DFP,$27.24,$29.17,$31.43,$27.01,$27.06,$27.29,$27.98,$26.26,0.67%,6.91%,15.30%,0.44%
156,CEN,$15.14,$12.79,$16.00,$9.36,$18.36,$16.43,$19.01,$12.94,-17.54%,-22.33%,-15.46%,-29.35%
157,LEO,$8.35,$8.72,$9.50,$8.26,$8.67,$8.77,$8.99,$8.57,-3.69%,-0.58%,6.88%,-5.14%
158,NCV,$5.74,$5.92,$6.41,$5.33,$5.91,$6.32,$6.71,$5.90,-2.88%,-6.29%,-1.91%,-12.67%
159,FSD,$15.41,$15.49,$16.16,$14.61,$15.88,$16.36,$16.63,$15.83,-2.96%,-5.27%,-0.86%,-10.92%
160,NPCT,$17.83,,$20.15,$17.72,$19.17,,$20.33,$19.17,-6.99%,,,
161,ETO,$31.92,$29.45,$34.68,$24.41,$31.29,$29.99,$32.18,$26.46,2.01%,-1.95%,7.51%,-8.67%
162,RMT,$11.17,$11.74,$12.69,$10.44,$12.58,$13.39,$14.36,$12.31,-11.21%,-12.33%,-9.81%,-15.02%
163,MQY,$15.86,$16.40,$17.80,$15.35,$16.25,$16.56,$16.96,$16.18,-2.40%,-0.95%,4.88%,-6.21%
164,FRA,$13.48,$13.18,$13.81,$12.09,$13.90,$13.97,$14.07,$13.84,-3.02%,-5.66%,-1.29%,-12.61%
165,RFMZ,$19.53,,$21.93,$19.25,$20.17,,$21.07,$19.70,-3.17%,,,
166,PMO,$13.73,$13.97,$15.00,$13.10,$13.71,$13.96,$14.27,$13.65,0.15%,0.06%,7.83%,-4.49%
167,MUJ,$15.42,$15.39,$16.28,$14.12,$15.73,$16.05,$16.37,$15.69,-1.97%,-4.13%,-0.06%,-11.18%
168,KTF,$11.78,$11.92,$12.58,$11.22,$12.58,$12.76,$13.03,$12.49,-6.36%,-6.59%,-3.23%,-10.56%
169,GBAB,$22.84,$24.15,$25.80,$22.50,$22.50,$23.02,$23.65,$22.03,1.51%,4.88%,10.16%,0.34%
170,BFZ,$14.31,$14.61,$15.95,$13.68,$15.71,$16.03,$16.36,$15.64,-8.91%,-8.89%,-6.28%,-13.85%
171,ETB,$17.08,$16.16,$17.35,$14.48,$16.41,$15.70,$16.55,$14.37,4.08%,2.95%,6.73%,-0.70%
172,HQL,$18.60,$20.57,$22.70,$18.30,$18.46,$21.25,$24.19,$18.46,0.76%,-3.13%,2.32%,-10.63%
173,ECC,$14.13,$13.20,$15.54,$10.41,$13.61,$12.86,$14.28,$11.10,7.33%,2.45%,13.86%,-10.42%
174,RFI,$17.22,$15.78,$18.02,$12.60,$15.76,$14.81,$16.33,$12.55,9.26%,6.46%,13.32%,0.39%
175,PPT,$4.37,$4.61,$4.89,$4.23,$4.39,$4.71,$5.06,$4.34,-0.46%,-2.17%,1.54%,-8.70%
176,GUT,$8.24,$7.83,$8.32,$6.70,$4.31,$4.29,$4.58,$3.90,91.18%,82.71%,106.92%,50.33%
177,ZTR,$9.43,$9.49,$10.41,$8.52,$9.21,$9.31,$9.63,$8.80,2.39%,1.96%,7.23%,-7.66%
178,NAN,$14.39,$14.63,$15.69,$13.77,$15.40,$15.61,$15.92,$15.30,-6.56%,-6.27%,-2.10%,-10.18%
179,CAF,$20.16,$21.86,$23.83,$19.53,$22.70,$24.76,$26.78,$22.57,-11.19%,-11.70%,-9.05%,-16.87%
180,MHN,$14.09,$14.44,$15.16,$13.61,$14.84,$15.13,$15.44,$14.77,-5.05%,-4.56%,-0.27%,-8.88%
181,MIY,$14.99,$15.22,$16.00,$14.10,$15.52,$15.83,$16.16,$15.51,-3.41%,-3.83%,1.15%,-9.94%
182,HPF,$20.68,$20.95,$22.93,$18.22,$20.14,$20.11,$20.67,$18.93,2.68%,4.11%,11.14%,-5.78%
183,JRI,$15.97,$15.36,$16.50,$13.39,$17.36,$16.82,$17.59,$15.65,-8.01%,-8.73%,-5.37%,-15.33%
184,EFT,$15.09,$14.46,$15.73,$13.19,$14.49,$14.56,$14.66,$14.40,4.14%,-0.65%,6.08%,-7.81%
185,PEO,$17.76,$15.38,$17.77,$11.79,$20.62,$17.80,$20.62,$14.01,-13.87%,-13.66%,-11.14%,-16.90%
186,FFA,$21.12,$19.93,$22.16,$16.63,$21.00,$20.28,$21.49,$18.19,0.57%,-1.79%,4.82%,-7.95%
187,AFB,$14.69,$14.74,$15.58,$13.89,$15.15,$15.46,$15.74,$15.15,-3.04%,-4.65%,-1.63%,-8.88%
188,PMM,$8.37,$8.44,$8.92,$7.92,$8.21,$8.33,$8.53,$8.16,1.95%,1.32%,7.63%,-3.63%
189,MIN,$3.56,$3.68,$3.84,$3.53,$3.56,$3.75,$3.94,$3.56,0.00%,-1.73%,0.83%,-5.00%
190,JRO,$10.21,$9.68,$10.48,$8.78,$10.35,$10.29,$10.46,$10.07,-1.35%,-5.92%,-1.35%,-12.02%
191,DSM,$8.26,$8.12,$8.59,$7.59,$8.33,$8.41,$8.60,$8.22,-0.60%,-3.37%,0.48%,-7.91%
192,HIX,$6.91,$7.13,$7.75,$6.64,$6.81,$7.11,$7.29,$6.79,1.47%,0.31%,7.94%,-6.52%
193,PMX,$12.23,$12.50,$13.30,$11.46,$11.29,$11.43,$11.74,$11.11,8.33%,9.37%,14.71%,4.13%
194,BYM,$15.69,$15.52,$16.79,$14.60,$15.55,$15.87,$16.23,$15.54,0.90%,-2.23%,1.57%,-7.45%
195,CEM,$29.16,$26.21,$32.57,$18.17,$34.99,$30.66,$37.11,$22.29,-16.66%,-14.60%,-10.57%,-19.14%
196,AEF,$7.93,$8.59,$9.22,$7.63,$8.57,$9.69,$10.48,$8.53,-8.28%,-11.31%,-7.39%,-15.91%
197,RMM,$20.00,$19.83,$21.97,$17.62,$20.26,$20.23,$20.87,$19.50,-1.28%,-2.01%,6.00%,-9.60%
198,FMO,$11.19,$10.48,$14.25,$6.37,$12.96,$11.67,$14.08,$7.91,-13.66%,-10.51%,-0.78%,-27.26%
199,ASA,$20.40,$21.21,$24.70,$18.31,$24.56,$24.76,$28.58,$20.99,-16.94%,-14.28%,-10.09%,-18.84%
200,FOF,$14.50,$13.97,$15.78,$12.40,$14.07,$13.82,$14.41,$12.70,3.06%,1.05%,6.38%,-3.71%
201,CPZ,$19.91,$19.93,$21.63,$17.15,$21.67,$21.76,$23.27,$19.77,-8.12%,-8.41%,-3.12%,-14.92%
202,MMT,$6.37,$6.38,$6.65,$6.08,$6.00,$6.23,$6.45,$5.99,6.17%,2.37%,9.14%,-4.50%
203,NCZ,$5.02,$5.19,$5.51,$4.69,$5.29,$5.67,$6.02,$5.29,-5.10%,-8.35%,-4.33%,-13.48%
204,NEV,$15.55,$16.24,$17.65,$15.09,$15.78,$15.89,$16.28,$15.40,-1.46%,2.21%,9.26%,-5.24%
205,OIA,$7.92,$8.04,$8.54,$7.65,$7.81,$7.87,$8.03,$7.69,1.41%,2.21%,6.53%,-1.53%
206,ARDC,$16.29,$15.71,$16.66,$14.33,$16.68,$16.58,$16.82,$16.22,-2.35%,-5.26%,-0.90%,-11.94%
207,PMF,$14.47,$14.66,$15.50,$13.48,$13.20,$13.33,$13.70,$12.91,9.62%,9.96%,14.50%,4.53%
208,MCR,$8.39,$8.65,$9.09,$8.29,$8.27,$8.61,$8.94,$8.27,1.45%,0.53%,3.95%,-3.81%
209,PFL,$10.95,$11.90,$13.30,$10.49,$10.34,$10.55,$10.78,$10.21,5.90%,12.72%,23.45%,3.81%
210,ASG,$8.55,$8.88,$10.20,$8.13,$7.69,$8.44,$9.24,$7.69,11.18%,5.32%,15.19%,-2.13%
211,JGH,$15.84,$15.80,$16.38,$14.97,$16.51,$16.89,$17.19,$16.28,-4.06%,-6.49%,-3.39%,-11.50%
212,SOR,$43.20,$44.42,$47.50,$39.95,$45.75,$48.10,$49.75,$44.61,-5.57%,-7.66%,-3.82%,-12.16%
213,JRS,$12.50,$10.71,$12.90,$8.01,$12.84,$11.55,$13.22,$9.25,-2.65%,-7.39%,-2.65%,-13.33%
214,ERC,$12.86,$12.91,$14.07,$12.07,$12.31,$12.78,$13.17,$12.23,4.47%,1.06%,9.40%,-7.21%
215,EDD,$5.46,$6.01,$6.35,$5.33,$6.21,$6.76,$7.28,$6.18,-12.08%,-11.09%,-7.48%,-14.90%
216,BKT,$5.59,$6.14,$6.51,$5.55,$5.60,$5.98,$6.22,$5.60,-0.18%,2.65%,9.44%,-2.91%
217,PCQ,$18.79,$18.66,$20.19,$17.63,$13.96,$14.16,$14.46,$13.83,34.60%,31.82%,41.84%,23.21%
218,TEI,$7.25,$7.70,$8.23,$6.91,$7.57,$8.25,$8.85,$7.46,-4.23%,-6.56%,0.13%,-12.88%
219,BGH,$17.15,$16.57,$17.49,$14.93,$17.90,$17.67,$18.06,$16.80,-4.19%,-6.30%,-2.51%,-10.66%
220,FEI,$7.81,$7.27,$8.38,$6.00,$8.34,$8.00,$8.93,$7.01,-6.35%,-9.26%,-4.68%,-13.90%
221,TYG,$29.48,$26.77,$31.15,$21.11,$36.46,$34.18,$39.00,$28.11,-19.14%,-21.74%,-18.82%,-25.45%
222,KMF,$7.47,$7.06,$7.92,$5.96,$9.07,$8.64,$9.54,$7.64,-17.64%,-18.45%,-14.14%,-23.41%
223,HYI,$15.22,$15.51,$16.64,$14.81,$15.36,$15.83,$16.09,$15.32,-0.91%,-2.01%,4.91%,-5.42%
224,BLE,$14.97,$15.42,$16.29,$14.56,$14.85,$15.11,$15.46,$14.75,0.81%,2.03%,6.32%,-2.60%
225,GLO,$10.67,$12.36,$13.17,$10.41,$10.65,$12.80,$14.74,$10.65,0.19%,-3.08%,5.63%,-14.37%
226,KIO,$16.77,$16.09,$17.05,$14.48,$16.77,$16.70,$17.01,$16.20,0.00%,-3.66%,0.95%,-10.71%
227,EOT,$21.54,$22.49,$24.09,$20.35,$21.85,$22.08,$22.55,$21.65,-1.42%,1.85%,8.70%,-6.89%
228,NCA,$10.09,$10.45,$11.00,$9.89,$10.69,$10.82,$10.97,$10.66,-5.61%,-3.41%,1.20%,-7.05%
229,TBLD,$18.97,,$20.95,$17.06,$20.33,,$20.66,$19.69,-6.69%,,,
230,MVT,$15.80,$15.45,$17.90,$14.39,$15.39,$15.62,$16.01,$15.25,2.66%,-1.10%,6.87%,-6.34%
231,ACV,$32.50,$34.11,$37.59,$29.68,$29.00,$35.78,$38.65,$29.00,12.07%,-4.60%,12.07%,-11.24%
232,VPV,$13.61,$13.24,$14.00,$12.42,$14.20,$14.34,$14.62,$14.08,-4.15%,-7.72%,-2.17%,-12.24%
233,MQT,$14.40,$14.37,$15.17,$13.56,$14.29,$14.56,$14.89,$14.24,0.77%,-1.30%,2.73%,-5.35%
234,PSF,$26.67,$28.86,$32.50,$26.29,$25.87,$26.78,$27.30,$25.85,3.44%,7.70%,18.31%,-1.09%
235,MCI,$15.70,$14.98,$16.79,$12.91,$16.87,$15.85,$16.87,$15.04,-5.59%,-5.55%,0.82%,-12.50%
236,EMO,$23.84,$20.89,$25.59,$14.48,$29.93,$25.94,$31.49,$18.94,-20.35%,-19.56%,-16.25%,-23.76%
237,MYC,$14.93,$15.15,$16.00,$14.35,$15.96,$16.37,$16.71,$15.96,-6.45%,-7.42%,-3.81%,-11.18%
238,SPXX,$18.44,$17.35,$19.34,$14.83,$18.58,$17.67,$18.82,$16.12,-0.75%,-1.87%,8.72%,-8.38%
239,FCT,$12.33,$12.19,$12.84,$11.46,$12.28,$12.57,$12.94,$12.19,0.41%,-3.00%,1.60%,-10.19%
240,NML,$5.47,$4.72,$5.66,$3.50,$6.83,$5.98,$6.94,$4.68,-19.91%,-21.21%,-18.48%,-25.00%
241,MUE,$13.66,$13.85,$15.69,$12.84,$14.04,$14.27,$14.53,$13.99,-2.71%,-2.97%,4.18%,-9.35%
242,IIF,$27.29,$25.19,$28.40,$21.35,$32.35,$29.41,$33.29,$25.36,-15.64%,-14.32%,-12.06%,-17.55%
243,BGR,$10.41,$9.18,$10.42,$7.19,$11.53,$9.94,$11.53,$8.25,-9.71%,-7.68%,-1.78%,-13.42%
244,WIA,$12.99,$13.58,$14.78,$12.64,$13.49,$14.41,$14.95,$13.49,-3.71%,-5.80%,-2.38%,-10.47%
245,BGT,$13.57,$12.98,$14.74,$11.91,$13.50,$13.56,$13.65,$13.43,0.52%,-4.21%,7.56%,-11.67%
246,PCK,$9.42,$9.39,$9.88,$8.78,$9.01,$9.10,$9.33,$8.82,4.55%,3.18%,8.65%,-2.17%
247,RCS,$6.84,$7.40,$8.23,$6.54,$6.13,$6.49,$6.77,$6.13,11.58%,14.01%,24.38%,3.18%
248,MGU,$24.23,$22.99,$25.00,$19.34,$28.14,$26.82,$28.77,$23.51,-13.89%,-14.33%,-10.09%,-18.27%
249,BKN,$17.58,$17.95,$20.00,$16.75,$16.32,$16.64,$17.02,$16.22,7.72%,7.84%,19.30%,0.00%
250,FEN,$15.63,$13.72,$15.81,$11.19,$14.69,$14.11,$15.39,$12.56,6.40%,-2.87%,6.40%,-12.57%
251,NUW,$16.41,$16.81,$17.78,$15.99,$17.22,$17.49,$17.78,$17.16,-4.70%,-3.85%,-0.45%,-6.32%
252,NUO,$16.05,$16.03,$16.85,$14.97,$17.33,$17.62,$17.92,$17.30,-7.39%,-8.96%,-6.15%,-14.11%
253,EVM,$11.55,$11.81,$12.36,$11.20,$12.34,$12.62,$12.89,$12.34,-6.40%,-6.40%,-3.53%,-10.79%
254,NPV,$16.05,$16.35,$17.93,$15.39,$15.21,$15.38,$15.68,$15.05,5.52%,6.29%,13.73%,0.91%
255,DBL,$19.11,$19.65,$20.35,$18.59,$18.75,$19.46,$19.87,$18.75,1.92%,1.00%,3.63%,-1.80%
256,NBH,$15.11,$15.96,$17.47,$14.97,$14.90,$15.24,$15.55,$14.88,1.41%,4.71%,12.99%,-1.69%
257,MFM,$6.84,$6.98,$7.42,$6.51,$7.40,$7.47,$7.63,$7.32,-7.57%,-6.50%,-2.82%,-11.65%
258,TWN,$36.62,$33.26,$39.79,$26.00,$42.70,$38.97,$46.45,$30.93,-14.24%,-14.53%,-8.90%,-18.72%
259,JCE,$17.17,$16.23,$18.60,$13.79,$17.12,$16.67,$17.71,$15.19,0.29%,-2.74%,7.21%,-8.92%
260,PHT,$9.41,$9.79,$11.22,$8.84,$9.46,$9.61,$9.79,$9.38,-0.53%,1.88%,14.36%,-5.24%
261,MAV,$11.62,$11.95,$12.98,$11.28,$12.10,$12.29,$12.59,$11.99,-3.97%,-2.70%,3.52%,-5.82%
262,MHI,$12.07,$12.49,$13.21,$11.80,$13.05,$13.17,$13.51,$12.83,-7.51%,-5.24%,-1.82%,-8.91%
263,FTF,$9.14,$9.21,$9.63,$8.62,$8.93,$9.27,$9.52,$8.93,2.35%,-0.69%,2.35%,-4.00%
264,TSI,$5.58,$5.75,$5.96,$5.45,$5.69,$5.92,$6.00,$5.69,-1.93%,-2.94%,1.41%,-6.70%
265,SCD,$14.96,$13.79,$15.44,$11.41,$16.38,$15.38,$16.70,$13.53,-8.67%,-10.43%,-6.80%,-15.66%
266,XFLT,$9.02,$8.85,$9.85,$7.67,$8.14,$8.03,$8.40,$7.39,10.81%,10.20%,21.22%,1.56%
267,DMB,$14.37,$14.81,$17.07,$13.64,$14.46,$14.66,$14.95,$14.40,-0.62%,1.01%,12.66%,-4.49%
268,VTN,$13.30,$13.45,$14.17,$12.70,$14.36,$14.53,$14.86,$14.21,-7.38%,-7.45%,-4.30%,-10.78%
269,LGI,$19.96,$20.10,$22.32,$17.53,$20.52,$21.05,$22.35,$19.28,-2.73%,-4.55%,0.18%,-10.06%
270,NXP,$15.62,$17.28,$18.89,$15.52,$16.29,$16.46,$16.71,$16.24,-4.11%,5.02%,12.84%,-4.46%
271,EVF,$6.87,$6.77,$7.25,$6.36,$6.93,$6.91,$7.00,$6.82,-0.87%,-2.07%,3.30%,-5.67%
272,EMF,$16.01,$18.54,$20.96,$15.30,$17.86,$20.51,$22.93,$17.16,-10.36%,-9.66%,-7.21%,-12.19%
273,FUND,$8.70,$8.29,$9.51,$7.25,$9.12,$9.16,$9.93,$8.52,-4.61%,-9.51%,-3.11%,-15.47%
274,AFT,$16.43,$15.50,$16.61,$14.32,$16.49,$16.55,$16.76,$16.34,-0.60%,-6.40%,0.56%,-11.95%
275,GDO,$16.97,$17.96,$18.72,$16.86,$17.52,$18.43,$19.01,$17.52,-3.14%,-2.52%,1.66%,-7.80%
276,DHY,$2.48,$2.45,$2.57,$2.23,$2.53,$2.56,$2.60,$2.51,-3.16%,-4.14%,-0.39%,-10.98%
277,EOD,$5.79,$5.60,$6.08,$4.86,$6.06,$5.95,$6.21,$5.52,-4.46%,-5.90%,-1.35%,-13.18%
278,FINS,$16.48,$17.58,$18.53,$15.86,$17.64,$18.64,$19.16,$17.64,-6.58%,-5.69%,-2.75%,-10.45%
279,PZC,$10.98,$10.95,$11.77,$10.00,$10.13,$10.24,$10.43,$10.03,8.39%,6.92%,12.68%,0.00%
280,NRO,$5.17,$4.83,$5.30,$3.96,$5.37,$5.00,$5.48,$4.32,-3.72%,-3.59%,0.39%,-8.47%
281,TTP,$24.75,$22.48,$26.67,$17.35,$30.54,$28.00,$32.69,$22.08,-18.98%,-19.73%,-14.49%,-23.42%
282,BWG,$11.60,$12.36,$13.09,$11.51,$12.65,$13.64,$14.62,$12.65,-8.30%,-9.39%,-4.52%,-14.63%
283,FIF,$13.95,$12.83,$14.26,$10.62,$15.69,$14.61,$15.82,$12.47,-11.09%,-12.18%,-8.47%,-16.88%
284,OPP,$14.58,$15.16,$16.36,$13.81,$14.11,$15.02,$15.55,$14.11,3.33%,0.94%,7.34%,-6.56%
285,GF,$14.89,$19.98,$21.48,$14.72,$16.29,$22.53,$24.18,$16.29,-8.59%,-11.29%,-5.89%,-14.07%
286,MXF,$15.77,$14.81,$16.23,$12.89,$18.30,$17.16,$18.61,$14.08,-13.83%,-13.64%,0.00%,-18.03%
287,MHD,$16.46,$16.60,$17.50,$15.61,$17.01,$17.31,$17.73,$16.91,-3.23%,-4.15%,-0.47%,-7.97%
288,ETX,$21.28,$22.45,$25.75,$21.00,$21.27,$21.71,$22.08,$21.27,0.05%,3.40%,9.55%,-0.42%
289,GRX,$13.31,$13.09,$14.25,$11.83,$14.85,$14.96,$15.95,$13.69,-10.37%,-12.56%,-10.37%,-14.91%
290,NSL,$5.96,$5.75,$6.09,$5.22,$6.14,$6.11,$6.21,$5.98,-2.93%,-5.87%,-0.98%,-11.37%
291,IVH,$13.87,$13.77,$14.34,$12.81,$14.83,$14.94,$15.27,$14.66,-6.61%,-7.84%,-4.37%,-11.82%
292,FLC,$22.61,$23.76,$25.34,$22.17,$22.31,$22.57,$23.15,$21.77,1.34%,5.27%,12.90%,0.40%
293,IGI,$21.01,$21.75,$23.77,$20.50,$21.10,$21.65,$22.11,$21.04,-0.43%,0.48%,6.69%,-2.88%
294,FDEU,$13.30,$13.01,$14.00,$11.66,$15.38,$14.72,$15.51,$13.38,-13.52%,-11.64%,-8.40%,-15.43%
295,DHF,$3.10,$3.20,$3.77,$2.93,$3.24,$3.30,$3.35,$3.21,-4.32%,-2.86%,8.96%,-10.67%
296,IDE,$11.92,$12.29,$13.90,$10.46,$12.94,$12.89,$13.46,$11.89,-7.88%,-4.69%,6.25%,-14.33%
297,JCO,$8.14,$8.30,$8.79,$8.05,$8.15,$8.27,$8.36,$8.14,-0.12%,0.45%,5.29%,-2.29%
298,MYJ,$15.45,$15.41,$16.45,$13.97,$15.84,$16.14,$16.43,$15.81,-2.46%,-4.51%,0.12%,-11.60%
299,JOF,$7.87,$8.96,$9.63,$7.70,$9.07,$10.28,$11.16,$8.94,-13.23%,-12.84%,-9.67%,-16.02%
300,IHIT,$9.27,$9.54,$10.12,$8.47,$9.30,$9.31,$9.51,$8.85,-0.32%,2.50%,6.50%,-3.61%
301,AIF,$15.43,$15.31,$16.12,$14.22,$16.52,$16.63,$16.86,$16.37,-6.88%,-7.91%,-3.98%,-13.02%
302,EHI,$9.82,$10.26,$10.83,$9.63,$10.16,$10.60,$10.85,$10.14,-3.35%,-3.25%,1.15%,-6.88%
303,BSL,$16.40,$16.02,$17.53,$14.32,$16.24,$16.40,$16.58,$16.04,0.99%,-2.33%,5.86%,-10.02%
304,ENX,$12.11,$12.40,$13.05,$11.83,$13.23,$13.45,$13.74,$13.17,-8.47%,-7.77%,-2.42%,-11.06%
305,EFL,$9.30,$9.36,$10.05,$8.86,$9.32,$9.31,$9.36,$9.25,-0.21%,0.54%,6.24%,-3.14%
306,VBF,$19.08,$20.21,$21.42,$19.08,$19.83,$20.85,$21.33,$19.83,-3.78%,-3.08%,1.78%,-6.81%
307,MPA,$16.15,$15.61,$17.50,$14.10,$16.12,$16.33,$16.66,$15.96,0.19%,-4.39%,6.02%,-11.42%
308,GGT,$8.50,$9.57,$11.59,$8.03,$8.13,$8.91,$9.76,$7.82,4.55%,7.27%,22.80%,-3.26%
309,RIV,$16.62,$17.49,$18.75,$15.67,$16.28,$16.94,$17.36,$15.98,2.09%,3.23%,9.91%,-2.71%
310,INSI,$19.88,$21.21,$23.27,$19.87,$20.81,$21.62,$22.12,$20.81,-4.47%,-1.89%,6.49%,-6.87%
311,HYB,$9.06,$9.30,$10.44,$8.71,$9.78,$9.90,$10.06,$9.36,-7.36%,-6.07%,4.04%,-11.60%
312,HGLB,$9.61,$8.74,$10.02,$6.41,$11.65,$11.44,$12.12,$10.22,-17.51%,-23.82%,-15.52%,-37.17%
313,TEAF,$15.15,$14.45,$15.30,$13.17,$17.32,$17.03,$17.86,$16.06,-12.53%,-15.17%,-10.89%,-21.63%
314,FT,$8.20,$8.04,$8.79,$7.31,$8.87,$8.78,$9.03,$8.35,-7.55%,-8.47%,-3.05%,-14.03%
315,PIM,$3.90,$4.13,$4.47,$3.84,$3.93,$4.24,$4.57,$3.87,-0.76%,-2.54%,2.31%,-8.53%
316,HIE,$10.65,$9.80,$10.76,$7.77,$11.69,$10.61,$11.69,$8.65,-8.90%,-7.65%,-4.14%,-11.53%
317,BNY,$14.85,$15.04,$16.50,$14.28,$14.78,$15.08,$15.41,$14.73,0.47%,-0.24%,7.06%,-5.54%
318,NIQ,$14.63,$14.74,$15.70,$14.18,$14.77,$14.91,$15.13,$14.64,-0.95%,-1.13%,1.23%,-3.61%
319,CHN,$18.33,$28.27,$34.99,$17.70,$19.54,$31.46,$38.64,$19.36,-6.19%,-10.15%,-4.41%,-14.65%
320,PFD,$16.69,$17.23,$20.23,$15.28,$14.77,$14.84,$15.21,$14.28,13.03%,16.22%,36.62%,2.61%
321,BGX,$14.73,$14.59,$15.59,$13.46,$15.24,$15.41,$15.58,$15.10,-3.35%,-5.32%,0.00%,-10.20%
322,GER,$11.13,$10.45,$12.58,$8.16,$13.72,$12.70,$14.47,$10.49,-18.88%,-17.79%,-12.79%,-22.64%
323,BTA,$13.88,$13.53,$15.44,$12.17,$13.29,$13.40,$13.79,$12.95,4.44%,0.93%,13.20%,-5.35%
324,IGA,$10.19,$9.69,$10.71,$8.55,$10.85,$10.55,$11.14,$9.83,-6.08%,-8.18%,-3.70%,-13.21%
325,CTR,$25.79,$22.81,$28.51,$15.72,$31.62,$27.76,$33.66,$20.25,-18.44%,-17.96%,-14.39%,-22.75%
326,CBH,$10.09,$10.30,$11.05,$9.51,$9.93,$10.51,$10.86,$9.93,1.61%,-2.01%,5.14%,-7.45%
327,NAZ,$15.69,$15.70,$16.25,$14.77,$15.16,$15.33,$15.58,$15.05,3.50%,2.45%,6.41%,-2.34%
328,MSD,$8.95,$9.22,$9.70,$8.83,$9.74,$10.22,$10.53,$9.74,-8.11%,-9.74%,-6.38%,-14.11%
329,CIK,$3.43,$3.42,$3.64,$3.13,$3.42,$3.47,$3.52,$3.40,1.17%,-1.26%,3.71%,-8.43%
330,DMF,$8.78,$9.09,$9.97,$8.48,$9.22,$9.38,$9.61,$9.18,-4.77%,-3.09%,7.20%,-7.24%
331,NHS,$12.16,$12.70,$13.57,$11.67,$12.16,$12.55,$12.85,$12.00,0.00%,1.17%,7.23%,-7.70%
332,ACP,$10.33,$11.27,$12.67,$9.88,$10.31,$11.07,$11.71,$10.14,0.00%,1.85%,9.06%,-6.19%
333,ASGI,$20.39,$20.44,$23.00,$18.75,$22.62,$22.69,$23.87,$20.86,-10.57%,-9.96%,-5.83%,-13.16%
334,EVG,$13.40,$13.34,$14.26,$12.38,$13.05,$13.60,$13.98,$13.02,2.68%,-1.85%,3.97%,-9.71%
335,DMO,$15.37,$15.30,$16.29,$13.83,$15.30,$15.25,$15.78,$14.72,0.46%,0.34%,4.39%,-6.77%
336,JHS,$14.72,$15.68,$16.40,$14.70,$15.18,$16.00,$16.43,$15.18,-3.03%,-2.04%,0.33%,-6.24%
337,KF,$34.71,$42.86,$46.88,$33.05,$38.76,$49.99,$54.43,$38.36,-10.45%,-14.25%,-10.45%,-16.71%
338,GLQ,$13.01,$15.07,$16.31,$12.72,$13.05,$15.77,$18.38,$13.05,-0.31%,-4.11%,5.00%,-14.57%
339,MHF,$7.82,$8.05,$8.91,$7.38,$8.03,$8.11,$8.24,$7.99,-2.62%,-0.79%,8.51%,-7.93%
340,FMN,$14.82,$15.16,$16.97,$14.00,$15.51,$15.73,$16.08,$15.36,-4.45%,-3.63%,7.09%,-9.40%
341,MCN,$8.07,$7.87,$8.54,$6.81,$7.48,$7.64,$8.04,$7.17,7.89%,3.05%,10.19%,-4.70%
342,CEE,$25.45,$26.85,$31.46,$23.26,$30.08,$31.29,$36.26,$27.64,-15.39%,-14.21%,-11.00%,-16.55%
343,JPT,$24.44,$24.70,$26.40,$23.74,$24.39,$24.65,$25.11,$24.13,0.21%,0.20%,1.72%,-1.47%
344,WEA,$13.65,$14.28,$14.87,$13.65,$14.14,$14.60,$14.89,$14.14,-3.47%,-2.13%,0.47%,-5.89%
345,VMM,$14.09,$13.80,$14.44,$12.85,$14.99,$15.10,$15.31,$14.84,-6.00%,-8.61%,-4.41%,-13.06%
346,ECF,$11.93,$14.07,$17.34,$11.70,$12.84,$14.70,$16.09,$12.84,-7.09%,-4.37%,6.29%,-10.87%
347,JHI,$18.31,$18.50,$19.60,$17.35,$18.12,$18.67,$19.13,$18.12,1.05%,-0.91%,5.33%,-5.78%
348,HEQ,$13.21,$12.65,$13.81,$11.13,$13.23,$13.24,$13.84,$12.68,-0.15%,-4.45%,3.30%,-12.38%
349,CXE,$5.00,$5.21,$5.53,$4.93,$5.33,$5.39,$5.52,$5.27,-6.19%,-3.37%,2.23%,-7.99%
350,PFO,$12.36,$13.00,$13.86,$11.92,$12.12,$12.27,$12.58,$11.84,1.98%,5.88%,13.77%,1.49%
351,MPV,$14.41,$13.47,$15.28,$11.72,$15.32,$14.36,$15.32,$13.60,-4.70%,-6.21%,-0.13%,-12.79%
352,JSD,$15.04,$14.53,$15.50,$13.30,$15.64,$15.56,$15.82,$15.19,-3.84%,-6.60%,-2.35%,-11.59%
353,AGD,$12.06,$11.73,$12.66,$10.40,$13.08,$12.84,$13.30,$11.97,-8.41%,-8.69%,-4.25%,-13.85%
354,MNP,$15.36,$15.71,$16.90,$14.77,$16.76,$17.10,$17.51,$16.68,-8.35%,-8.14%,-4.04%,-12.79%
355,NMT,$15.85,$15.06,$16.00,$14.00,$15.05,$15.26,$15.54,$14.96,5.32%,-1.24%,5.56%,-6.48%
356,FPL,$5.89,$5.51,$6.26,$4.46,$6.48,$6.18,$6.87,$5.35,-9.10%,-10.90%,-5.40%,-16.51%
357,NKG,$13.77,$13.53,$14.21,$12.47,$14.14,$14.34,$14.58,$14.08,-2.62%,-5.62%,-2.11%,-11.79%
358,PHD,$11.79,$11.44,$12.21,$10.18,$11.64,$11.68,$11.78,$11.56,1.29%,-2.05%,5.10%,-10.12%
359,GGZ,$15.84,$15.38,$17.29,$12.90,$17.53,$17.56,$18.91,$15.16,-9.64%,-12.46%,-8.62%,-17.83%
360,PAI,$15.05,$15.58,$17.41,$14.72,$15.44,$15.81,$16.15,$15.40,-2.53%,-1.47%,8.15%,-5.44%
361,BCV,$25.80,$30.54,$36.33,$25.50,$27.29,$32.22,$36.08,$27.29,-5.46%,-5.22%,5.41%,-10.64%
362,BANX,$21.53,$21.28,$24.19,$19.30,$21.85,$21.55,$21.85,$20.92,0.28%,-1.28%,6.02%,-9.05%
363,RMI,$22.10,$22.64,$24.24,$21.00,$22.45,$23.83,$24.68,$22.44,-1.56%,-5.01%,-0.76%,-9.72%
364,DCF,$9.27,$9.38,$9.99,$8.50,$9.29,$9.36,$9.49,$9.21,-0.22%,0.21%,4.90%,-7.81%
365,MGF,$4.18,$4.37,$4.56,$4.17,$4.26,$4.47,$4.70,$4.26,-1.88%,-2.33%,-0.47%,-5.11%
366,IAF,$5.87,$6.08,$6.66,$5.24,$6.07,$6.20,$6.55,$5.82,-2.80%,-1.99%,7.48%,-12.52%
367,CGO,$15.37,$15.88,$17.47,$14.24,$14.97,$15.36,$16.38,$14.40,2.67%,3.38%,8.60%,-1.54%
368,RGT,$12.96,$14.85,$17.63,$12.47,$13.77,$16.12,$17.76,$13.49,-5.88%,-7.88%,4.06%,-11.39%
369,ERH,$14.84,$13.90,$15.23,$12.39,$13.42,$12.84,$13.62,$11.73,10.58%,8.16%,17.55%,0.79%
370,RFM,$22.31,$23.14,$24.77,$20.94,$23.05,$24.18,$25.08,$22.95,-3.21%,-4.31%,-0.53%,-10.20%
371,KSM,$12.05,$12.23,$12.99,$11.28,$12.71,$12.87,$13.18,$12.55,-5.19%,-4.94%,-0.54%,-11.44%
372,SBI,$9.45,$9.57,$9.99,$8.98,$10.35,$10.47,$10.65,$10.28,-8.70%,-8.57%,-4.73%,-12.56%
373,SPE,$15.60,$15.26,$16.27,$13.84,$16.55,$17.28,$18.55,$16.13,-5.74%,-11.53%,-4.39%,-20.17%
374,SWZ,$9.83,$9.45,$10.13,$8.32,$11.29,$10.92,$11.58,$9.91,-12.93%,-13.47%,-11.32%,-16.28%
375,NIM,$10.59,$10.73,$11.30,$10.19,$10.80,$10.85,$10.96,$10.75,-1.94%,-1.13%,2.40%,-4.84%
376,IHD,$6.96,$7.74,$8.71,$6.92,$7.76,$8.33,$9.00,$7.63,-10.31%,-7.19%,-1.82%,-11.18%
377,HNW,$15.31,$15.20,$16.24,$14.03,$15.11,$15.59,$15.89,$15.11,1.32%,-2.49%,4.26%,-8.01%
378,PNI,$11.34,$11.53,$12.19,$10.71,$11.53,$11.61,$11.94,$11.17,-1.65%,-0.67%,4.27%,-4.96%
379,VGI,$11.09,$11.87,$12.75,$10.60,$11.52,$12.14,$12.67,$11.52,-3.73%,-2.23%,3.87%,-7.16%
380,CMU,$4.47,$4.61,$4.90,$4.34,$4.82,$4.87,$4.98,$4.76,-7.26%,-5.26%,-1.05%,-8.71%
381,SPPP,$13.85,$17.32,$21.59,$12.12,$14.34,$17.54,$21.21,$12.79,-3.42%,-1.11%,3.69%,-4.18%
382,GDL,$8.88,$8.96,$9.30,$8.58,$10.49,$10.71,$10.92,$10.41,-15.35%,-16.39%,-13.90%,-19.62%
383,GCV,$6.65,$6.44,$7.21,$5.76,$6.06,$6.74,$7.47,$6.06,9.74%,-4.36%,11.20%,-11.23%
384,DEX,$10.28,$10.15,$11.14,$9.40,$11.06,$11.09,$11.45,$10.62,-7.05%,-8.48%,-2.79%,-11.04%
385,PCM,$10.78,$11.43,$12.77,$10.37,$9.37,$9.51,$9.68,$9.30,15.05%,20.23%,27.47%,13.01%
386,SMM,$6.93,$5.81,$7.28,$4.57,$7.98,$7.43,$8.76,$6.01,-13.16%,-21.87%,-9.89%,-27.03%
387,EXD,$12.43,$11.37,$12.50,$9.61,$11.87,$11.43,$12.16,$10.45,4.72%,-0.60%,4.72%,-6.26%
388,DTF,$14.05,$14.59,$15.10,$14.02,$15.49,$15.97,$16.30,$13.32,-9.30%,-8.59%,8.86%,-11.52%
389,SZC,$46.15,$44.86,$50.94,$37.71,$52.85,$54.51,$60.22,$49.49,-12.68%,-17.77%,-11.09%,-25.27%
390,PGP,$10.81,$10.89,$11.56,$9.60,$10.50,$10.30,$10.84,$9.58,2.95%,5.71%,11.14%,0.47%
391,FAM,$9.25,$10.11,$10.89,$9.12,$9.43,$10.35,$11.17,$9.41,-1.91%,-2.21%,4.71%,-6.69%
392,JLS,$20.88,$20.83,$21.82,$19.61,$22.11,$22.48,$22.68,$22.11,-5.55%,-7.31%,-4.36%,-12.61%
393,GLU,$21.12,$20.44,$24.05,$18.25,$20.89,$20.79,$21.90,$19.12,1.10%,-1.72%,5.97%,-8.52%
394,GNT,$5.38,$5.31,$6.00,$4.81,$5.96,$5.98,$6.43,$5.63,-9.73%,-11.17%,-6.48%,-16.75%
395,EDF,$6.53,$8.05,$9.00,$6.37,$6.33,$6.94,$7.36,$6.24,3.16%,15.92%,30.09%,0.47%
396,PGZ,$15.78,$14.76,$16.20,$12.07,$17.69,$17.00,$18.03,$14.90,-10.80%,-13.31%,-7.20%,-20.51%
397,JEQ,$8.09,$9.16,$10.26,$7.91,$9.52,$10.57,$11.95,$9.24,-15.02%,-13.35%,-10.69%,-15.27%
398,RSF,$19.79,$18.84,$20.19,$16.39,$19.92,$19.70,$20.44,$18.30,-0.65%,-4.38%,-0.30%,-8.98%
399,JEMD,$7.58,$7.94,$8.43,$7.44,$7.74,$8.06,$8.30,$7.74,-2.07%,-1.45%,1.97%,-4.23%
400,EIC,$17.24,$16.48,$19.53,$14.63,$17.69,$17.27,$17.69,$16.81,0.64%,-4.71%,10.19%,-14.04%
401,VCIF,$10.20,$10.47,$10.95,$9.67,$11.32,$11.74,$12.02,$11.32,-9.89%,-10.80%,-7.47%,-18.05%
402,NXC,$16.31,$16.15,$19.87,$15.12,$15.65,$15.92,$16.14,$15.65,4.22%,1.49%,21.25%,-4.11%
403,NMI,$11.29,$11.65,$12.83,$11.00,$11.30,$11.39,$11.59,$11.22,-0.07%,2.33%,7.84%,-1.87%
404,CEV,$13.67,$13.68,$14.55,$12.89,$14.46,$14.68,$14.94,$14.42,-5.46%,-6.83%,-1.71%,-10.60%
405,IAE,$8.20,$8.96,$9.74,$7.87,$8.99,$9.68,$10.48,$8.85,-8.79%,-7.47%,-3.63%,-12.01%
406,TPZ,$14.02,$12.88,$14.42,$10.76,$15.84,$15.39,$16.53,$13.97,-11.49%,-16.36%,-9.63%,-21.09%
407,PNF,$12.09,$12.45,$13.41,$11.66,$12.00,$12.10,$12.42,$11.68,0.75%,2.93%,7.92%,-2.75%
408,VLT,$14.27,$14.34,$15.34,$13.33,$14.57,$14.91,$15.24,$14.42,-2.06%,-3.79%,1.95%,-10.85%
409,CXH,$9.96,$10.03,$10.74,$9.52,$10.68,$10.89,$11.10,$10.67,-6.74%,-7.84%,-4.04%,-11.29%
410,GLV,$10.62,$11.33,$12.41,$10.11,$10.52,$11.41,$12.25,$10.48,0.95%,-0.60%,5.50%,-11.71%
411,DDF,$11.64,$10.82,$12.19,$9.18,$11.18,$10.74,$11.19,$9.74,4.11%,0.74%,10.70%,-6.06%
412,NMS,$15.16,$15.51,$16.70,$14.54,$15.45,$15.57,$15.87,$15.28,-1.88%,-0.42%,6.18%,-6.09%
413,IHTA,$9.84,$9.70,$10.10,$8.68,$9.71,$9.72,$9.89,$9.08,1.13%,-0.18%,3.53%,-4.38%
414,MFD,$9.81,$9.59,$10.34,$8.55,$10.70,$10.37,$10.90,$9.44,-8.32%,-7.60%,-2.89%,-13.33%
415,DYFN,$20.60,$19.84,$21.13,$18.09,$20.93,$21.01,$21.48,$20.33,-1.58%,-5.58%,-1.15%,-11.84%
416,JHAA,$9.92,$9.96,$10.66,$9.73,$9.97,$10.07,$10.14,$9.94,-0.50%,-1.01%,6.28%,-3.38%
417,NBW,$13.94,$14.06,$15.07,$13.13,$15.37,$15.63,$15.92,$15.35,-9.28%,-10.03%,-5.98%,-14.62%
418,EDI,$7.89,$8.80,$9.68,$7.34,$7.51,$8.18,$8.65,$7.41,5.06%,7.53%,16.33%,-1.68%
419,EEA,$10.50,$11.20,$12.00,$9.61,$11.87,$12.83,$13.67,$11.74,-11.54%,-12.76%,-9.91%,-15.71%
420,HTY,$6.62,$6.43,$7.04,$5.53,$6.60,$6.61,$6.98,$6.26,0.30%,-2.68%,6.60%,-13.65%
421,SRV,$32.55,$28.51,$35.94,$21.90,$38.35,$36.23,$42.35,$29.40,-15.12%,-21.48%,-13.75%,-26.84%
422,JMM,$7.41,$7.37,$7.71,$6.42,$7.62,$7.78,$7.88,$7.62,-2.78%,-5.32%,-1.30%,-9.83%
423,VCF,$14.29,$14.50,$15.50,$13.81,$15.39,$15.50,$15.82,$15.14,-7.15%,-6.45%,-3.04%,-9.22%
424,FEO,$13.25,$14.65,$15.88,$12.81,$13.79,$15.43,$17.16,$13.71,-3.92%,-4.99%,2.36%,-13.57%
425,NBO,$12.84,$12.85,$13.60,$12.07,$14.04,$14.24,$14.62,$13.91,-8.52%,-9.77%,-6.00%,-14.00%
426,VFL,$14.10,$13.82,$14.50,$12.71,$15.04,$15.21,$15.66,$14.71,-6.25%,-9.16%,-6.17%,-12.76%
427,FCO,$7.22,$8.41,$9.74,$6.70,$6.04,$6.59,$7.06,$6.03,18.87%,27.70%,49.22%,10.94%
428,EGF,$12.63,$12.78,$13.47,$12.38,$12.56,$12.98,$13.31,$12.56,0.56%,-1.57%,0.61%,-3.26%
429,FGB,$4.15,$4.02,$4.39,$3.22,$4.47,$4.23,$4.61,$3.56,-7.16%,-5.12%,0.46%,-10.30%
430,FMY,$13.36,$13.63,$14.25,$13.13,$13.74,$14.11,$14.42,$13.74,-2.77%,-3.36%,-0.85%,-7.23%
431,IRL,$11.30,$12.18,$13.55,$10.05,$12.65,$14.64,$16.03,$12.14,-10.67%,-16.73%,-7.78%,-23.53%
432,PYN,$9.40,$9.98,$11.00,$8.79,$9.12,$9.21,$9.43,$8.94,3.07%,8.42%,18.06%,-3.07%
433,NXN,$13.33,$14.01,$14.97,$12.96,$14.36,$14.47,$14.66,$14.29,-7.17%,-3.19%,1.09%,-7.17%
434,OCCI,$13.40,$14.01,$17.63,$11.85,$14.00,$13.68,$14.15,$11.06,-0.37%,2.60%,23.06%,-10.71%
435,CIF,$2.61,$2.87,$3.40,$2.47,$2.33,$2.43,$2.50,$2.32,12.02%,18.57%,37.14%,-0.40%
436,MFV,$6.62,$6.52,$7.18,$5.60,$5.43,$5.51,$5.65,$5.33,21.92%,18.38%,26.87%,4.03%
437,PCF,$8.69,$9.16,$10.09,$8.13,$8.81,$9.19,$9.72,$8.66,-1.36%,-0.40%,7.49%,-12.58%
438,NDP,$24.20,$19.76,$24.76,$14.22,$27.98,$23.30,$27.98,$18.39,-13.51%,-15.51%,-9.07%,-23.72%
439,GRF,$10.30,$8.86,$10.37,$7.60,$10.64,$10.74,$11.57,$9.51,-3.20%,-17.53%,-3.20%,-31.84%
440,MXE,$8.96,$10.51,$12.88,$7.85,$11.10,$12.64,$14.65,$9.75,-19.28%,-17.00%,-10.07%,-33.86%
441,NOM,$15.08,$15.03,$16.46,$13.89,$13.92,$14.07,$14.30,$13.83,8.35%,6.80%,16.58%,-0.92%
442,CUBA,$5.60,$5.91,$7.02,$5.06,$6.57,$6.89,$7.64,$6.10,-14.70%,-14.28%,-7.45%,-19.73%
443,BHV,$19.41,$17.53,$19.86,$15.58,$15.41,$15.64,$16.24,$15.32,25.96%,12.14%,25.96%,0.42%
444,RCG,$2.53,$2.53,$3.28,$1.69,$2.72,$2.69,$3.32,$2.09,-6.99%,-6.13%,5.93%,-18.80%
445,ECAT,$18.54,,$20.06,$17.91,$20.19,,$20.90,$19.93,-8.17%,,,
446,GUG,$19.54,,$20.28,$19.27,$20.04,,$20.29,$19.57,-2.50%,,,
447,MEGI,$19.70,,$20.50,$17.36,$20.39,,$20.57,$19.25,-3.41%,,,
448,MIO,$18.15,,$20.43,$17.80,$19.52,,$20.00,$19.35,-7.02%,,,
449,NBXG,$16.12,,$20.76,$15.85,$18.01,,$21.81,$18.01,-10.49%,,,
450,NMAI,$18.56,,$19.22,$17.35,$19.77,,$21.72,$19.32,-6.12%,,,
451,NNY,$9.57,$9.93,$10.35,$9.45,$10.16,$10.24,$10.37,$10.10,-5.81%,-2.98%,0.00%,-6.31%
452,SDHY,$18.27,$18.96,$20.60,$16.78,$19.45,$19.87,$20.17,$19.43,-6.07%,-4.50%,0.85%,-9.95%
